date,high,low,open,close,adjust,volume
2016-12-09,41.35,40.8,40.9,40.9,8.44,2565360
2016-12-12,40.9,40.5,40.85,40.7,8.4,2412750
2016-12-13,40.85,40.3,40.7,40.55,8.36,2718280
2016-12-14,41.8,40.55,40.55,41.65,8.59,2781270
2016-12-15,41.7,41.1,41.6,41.3,8.52,1852580
2016-12-16,42.1,41.2,41.2,41.8,8.62,3688380
2016-12-19,42.15,41.35,41.8,41.5,8.56,2478510
2016-12-20,41.75,41.25,41.5,41.3,8.52,1334730
2016-12-21,42.15,41.4,41.5,41.9,8.64,2405340
2016-12-22,43.2,42.0,42.1,42.5,8.77,6149040
2016-12-23,43.2,42.1,42.5,42.95,8.86,4268440
2016-12-26,43.85,43.3,43.4,43.8,9.03,3826190
2016-12-27,43.9,43.15,43.8,43.15,8.9,3831250
2016-12-28,43.75,43.15,43.2,43.6,8.99,3467160
2016-12-29,43.65,43.2,43.5,43.2,8.91,2021280
2016-12-30,43.45,43.15,43.2,43.15,8.9,1969290
2017-01-03,44.15,43.2,44.0,44.0,9.08,3119660
2017-01-04,44.5,43.85,44.3,44.0,9.08,2446300
2017-01-05,44.3,44.0,44.05,44.1,9.1,3068500
2017-01-06,44.45,43.2,44.2,43.4,8.95,4204960
2017-01-09,43.6,42.95,43.5,43.15,8.9,2617980
2017-01-10,44.1,43.2,43.2,43.85,9.04,2985620
2017-01-11,44.0,43.5,43.85,44.0,9.08,1669830
2017-01-12,44.2,43.65,44.2,43.65,9.0,1836920
2017-01-13,43.65,43.2,43.5,43.2,8.91,2579390
2017-01-16,43.3,42.0,43.15,42.0,8.66,4140650
2017-01-17,42.45,41.75,42.0,42.0,8.66,2562530
2017-01-18,42.25,41.6,42.0,41.6,8.58,2902280
2017-01-19,41.85,41.25,41.3,41.45,8.55,1968870
2017-01-20,42.35,41.5,41.5,42.2,8.7,1186610
2017-01-23,42.5,42.0,42.1,42.0,8.66,1280100
2017-01-24,42.2,41.95,42.2,42.0,8.66,1167800
2017-01-25,42.55,42.0,42.0,42.3,8.73,927340
2017-02-02,42.7,42.2,42.5,42.7,8.81,1756550
2017-02-03,44.5,43.2,44.1,43.2,8.91,5400770
2017-02-06,44.1,43.2,43.5,44.1,9.1,4803140
2017-02-07,45.05,44.2,44.2,44.6,9.2,8767000
2017-02-08,44.8,44.3,44.8,44.65,9.21,3608350
2017-02-09,45.15,44.45,44.9,44.55,9.19,6052490
2017-02-10,44.9,44.35,44.45,44.35,9.15,4005140
2017-02-13,44.9,44.5,44.5,44.75,9.23,2291640
2017-02-14,45.5,44.8,45.0,45.1,9.3,4544800
2017-02-15,45.4,44.8,45.1,45.15,9.31,3767830
2017-02-16,45.35,44.7,45.35,44.7,9.22,4491020
2017-02-17,44.6,43.8,44.5,44.3,9.14,5439270
2017-02-20,42.9,41.6,42.8,42.0,8.66,13251990
2017-02-21,42.4,41.65,41.85,42.25,8.71,4324840
2017-02-22,42.35,40.0,42.2,40.2,8.29,7920920
2017-02-23,40.9,40.1,40.2,40.6,8.37,4987400
2017-02-24,40.75,40.1,40.5,40.45,8.34,2422300
2017-02-27,40.45,39.85,40.25,40.25,8.3,3949350
2017-02-28,40.7,40.0,40.5,40.0,8.25,2584610
2017-03-01,41.0,39.4,39.95,40.9,8.44,3802640
2017-03-02,42.05,40.9,41.1,42.0,8.66,8348230
2017-03-03,42.0,41.0,42.0,41.0,8.46,2679190
2017-03-06,41.5,40.8,41.0,41.2,8.5,2750640
2017-03-07,41.5,41.1,41.4,41.2,8.5,1917450
2017-03-08,41.3,41.1,41.2,41.25,8.51,2904610
2017-03-09,42.15,41.25,41.3,42.0,8.66,5028510
2017-03-10,43.0,41.95,42.1,42.1,8.68,6007990
2017-03-13,42.2,41.8,42.1,42.1,8.68,2169800
2017-03-14,42.2,42.0,42.2,42.05,8.67,1597180
2017-03-15,42.05,41.45,42.0,41.55,8.57,2675040
2017-03-16,41.9,41.7,41.8,41.8,8.62,988750
2017-03-17,42.15,41.3,41.9,41.3,8.52,4447530
2017-03-20,41.95,41.6,41.8,41.85,8.63,958720
2017-03-21,42.9,42.4,42.5,42.85,8.84,4602260
2017-03-22,43.1,42.3,43.0,42.4,8.75,2598780
2017-03-23,42.9,42.4,42.5,42.75,8.82,2599800
2017-03-24,43.1,42.75,43.0,43.05,8.88,2997330
2017-03-27,43.35,42.95,43.3,43.05,8.88,3248280
2017-03-28,43.2,42.6,43.0,42.95,8.86,2948930
2017-03-29,43.6,42.85,43.0,43.4,8.95,7205320
2017-03-30,30.35,29.5,29.8,29.95,9.27,8091460
2017-03-31,30.8,30.0,30.0,30.55,9.45,3540840
2017-04-03,32.0,30.65,30.7,31.95,9.88,4620760
2017-04-04,33.3,31.95,32.0,32.3,9.99,7988870
2017-04-05,32.05,31.4,32.0,31.45,9.73,4587810
2017-04-07,32.05,31.05,31.3,31.85,9.85,4327880
2017-04-10,32.05,31.6,32.0,31.95,9.88,4318150
2017-04-11,32.05,31.75,32.0,31.9,9.87,3139100
2017-04-12,31.85,31.4,31.8,31.6,9.78,4423510
2017-04-13,31.75,31.4,31.5,31.5,9.75,3213260
2017-04-14,31.45,30.5,31.25,30.9,9.56,3510790
2017-04-17,31.05,30.35,30.95,30.5,9.44,4552670
2017-04-18,30.7,30.05,30.65,30.25,9.36,5291790
2017-04-19,31.0,30.3,30.45,30.95,9.58,4167070
2017-04-20,31.0,30.45,30.95,30.45,9.42,2167010
2017-04-21,30.65,30.2,30.4,30.45,9.42,1963090
2017-04-24,30.55,29.9,30.5,30.05,9.3,2528340
2017-04-25,30.2,29.65,30.0,29.8,9.22,3193390
2017-04-26,29.7,28.7,29.7,29.2,9.03,4619520
2017-04-27,29.7,28.7,29.3,29.5,9.13,6432120
2017-04-28,29.45,29.15,29.2,29.4,9.1,8212150
2017-05-03,29.5,29.1,29.4,29.1,9.0,2315880
2017-05-04,29.4,29.1,29.15,29.2,9.03,2558020
2017-05-05,29.3,29.2,29.2,29.2,9.03,2750480
2017-05-08,29.3,29.1,29.2,29.15,9.02,3616640
2017-05-09,29.8,29.1,29.25,29.7,9.19,4265190
2017-05-10,30.25,29.9,30.0,30.0,9.28,3910870
2017-05-11,30.4,30.1,30.1,30.15,9.33,4006120
2017-05-12,30.2,29.5,30.15,29.7,9.19,3027090
2017-05-15,29.75,29.45,29.7,29.5,9.13,3651170
2017-05-16,29.55,29.0,29.5,29.0,8.97,5684020
2017-05-17,29.4,29.0,29.0,29.05,8.99,2579930
2017-05-18,29.2,28.5,29.0,28.5,8.82,3916890
2017-05-19,28.8,28.4,28.7,28.7,8.88,2726500
2017-05-22,29.3,28.7,28.7,28.9,8.94,2366700
2017-05-23,29.1,28.9,29.1,29.05,8.99,3482870
2017-05-24,29.45,28.95,29.0,29.35,9.08,3289470
2017-05-25,29.65,29.25,29.4,29.35,9.08,2532150
2017-05-26,29.4,29.1,29.3,29.2,9.03,1846100
2017-05-29,29.9,29.3,29.3,29.8,9.22,4711820
2017-05-30,29.85,29.35,29.85,29.35,9.08,3439780
2017-05-31,30.9,29.3,29.3,30.4,9.41,8341190
2017-06-01,30.7,30.15,30.7,30.3,9.37,3916570
2017-06-02,30.35,29.85,30.3,30.0,9.28,3559100
2017-06-05,30.25,29.85,30.0,29.95,9.27,4605780
2017-06-06,30.5,29.8,29.9,30.5,9.44,7162100
2017-06-07,31.5,30.65,30.65,31.4,9.71,8369760
2017-06-08,31.7,31.2,31.5,31.5,9.75,5384820
2017-06-09,31.7,31.3,31.45,31.45,9.73,3949410
2017-06-12,31.4,30.8,31.35,30.9,9.56,5899880
2017-06-13,31.4,30.75,30.8,31.4,9.71,4006760
2017-06-14,31.75,31.35,31.55,31.65,9.79,4905780
2017-06-15,32.6,31.65,31.65,32.4,10.02,11833730
2017-06-16,31.7,30.65,31.6,30.85,10.2,9519180
2017-06-19,31.1,30.4,31.0,30.5,10.08,4579560
2017-06-20,30.9,30.4,30.4,30.9,10.21,3925510
2017-06-21,30.8,30.35,30.8,30.6,10.11,3868940
2017-06-22,30.85,30.5,30.55,30.75,10.16,2223300
2017-06-23,30.8,30.5,30.8,30.8,10.18,3030110
2017-06-26,30.95,30.55,30.7,30.85,10.2,3511280
2017-06-27,30.85,30.6,30.85,30.65,10.13,3591590
2017-06-28,30.75,30.55,30.65,30.7,10.15,1958450
2017-06-29,31.45,30.65,30.65,31.15,10.29,5344140
2017-06-30,32.0,31.2,31.4,32.0,10.58,7382030
2017-07-03,34.0,32.0,32.0,33.0,10.91,7979110
2017-07-04,33.55,32.85,33.0,33.0,10.91,4802760
2017-07-05,33.25,32.7,33.25,32.9,10.87,3153200
2017-07-06,33.5,32.9,33.0,33.3,11.0,6301920
2017-07-07,33.55,32.95,33.5,33.0,10.91,5484990
2017-07-10,33.3,32.95,33.0,33.1,10.94,5380960
2017-07-11,33.2,32.2,33.2,32.9,10.87,7432700
2017-07-12,33.2,32.7,33.0,33.0,10.91,4337700
2017-07-13,33.6,32.9,33.05,33.6,11.1,4246870
2017-07-14,34.45,33.7,33.95,33.7,11.14,3829400
2017-07-17,33.75,32.5,33.75,32.85,10.86,6770090
2017-07-18,32.15,31.5,31.8,32.05,10.59,10034980
2017-07-19,32.35,31.8,32.05,31.8,10.51,6475850
2017-07-20,31.75,30.8,31.4,31.65,10.46,6898240
2017-07-21,31.7,31.3,31.55,31.4,10.38,4577090
2017-07-24,31.8,31.1,31.15,31.6,10.44,3045580
2017-07-25,32.2,31.45,31.45,32.0,10.58,2396570
2017-07-26,32.9,32.05,32.2,32.8,10.84,2780360
2017-07-27,32.85,32.4,32.85,32.45,10.72,1492240
2017-07-28,32.75,32.3,32.3,32.45,10.72,1550080
2017-07-31,32.4,31.85,32.1,32.3,10.67,3079000
2017-08-01,32.9,32.0,32.0,32.7,10.81,3991160
2017-08-02,32.65,32.25,32.5,32.3,10.67,2158020
2017-08-03,32.5,32.15,32.3,32.3,10.67,1338210
2017-08-04,32.3,31.95,32.2,32.0,10.58,1630880
2017-08-07,32.35,31.9,32.0,32.25,10.66,1487440
2017-08-08,32.45,32.2,32.35,32.3,10.67,2780790
2017-08-09,32.3,31.75,32.1,31.85,10.53,2387220
2017-08-10,32.0,31.75,31.8,32.0,10.58,1892780
2017-08-11,32.75,31.95,31.95,32.7,10.81,2919330
2017-08-14,34.0,32.65,32.7,34.0,11.24,8513140
2017-08-15,34.4,33.4,34.4,33.5,11.07,4573670
2017-08-16,34.25,33.3,33.5,34.25,11.32,7616470
2017-08-17,34.25,33.65,34.25,33.65,11.12,4100480
2017-08-18,34.0,33.35,33.5,33.75,11.15,3031150
2017-08-21,33.75,33.05,33.7,33.1,10.94,3425910
2017-08-22,33.45,32.8,32.9,33.25,10.99,3976640
2017-08-23,33.5,32.95,33.05,33.5,11.07,2082950
2017-08-24,33.85,33.3,33.3,33.7,11.14,3342600
2017-08-25,33.95,33.55,33.6,33.9,11.2,5658750
2017-08-28,34.4,33.9,34.0,34.4,11.37,5261300
2017-08-29,34.8,34.25,34.3,34.45,11.38,5137980
2017-08-30,35.0,34.45,34.45,34.85,11.52,3576470
2017-08-31,35.35,34.8,34.8,35.05,11.58,3918570
2017-09-01,35.2,34.85,35.05,35.1,11.6,3119890
2017-09-05,35.45,34.95,35.1,35.4,11.7,3286220
2017-09-06,36.0,35.4,35.4,36.0,11.9,6121580
2017-09-07,36.1,35.3,36.1,35.5,11.73,6304750
2017-09-08,36.05,35.25,35.5,35.95,11.88,4844570
2017-09-11,36.0,35.3,35.9,35.3,11.67,2957540
2017-09-12,35.45,34.9,35.3,35.45,11.72,3157390
2017-09-13,36.9,35.6,35.7,36.9,12.19,5917410
2017-09-14,37.3,36.5,37.0,36.7,12.13,3059310
2017-09-15,37.05,36.4,36.5,37.0,12.23,4240470
2017-09-18,38.0,37.25,37.3,37.65,12.44,4636200
2017-09-19,38.65,37.75,37.9,38.0,12.56,5115160
2017-09-20,38.2,37.7,38.05,37.9,12.52,3067330
2017-09-21,38.1,37.3,38.0,37.5,12.39,4301050
2017-09-22,38.2,37.35,37.45,37.7,12.46,3308050
2017-09-25,37.75,37.4,37.75,37.5,12.39,2046460
2017-09-26,37.6,37.05,37.4,37.4,12.36,3665880
2017-09-27,37.85,37.4,37.4,37.7,12.46,4349480
2017-09-28,38.2,37.7,37.75,37.75,12.48,2949080
2017-09-29,38.95,37.75,37.75,38.9,12.86,6091150
2017-10-02,39.15,38.65,38.95,39.05,12.9,6329510
2017-10-03,39.25,38.4,39.0,38.8,12.82,3600210
2017-10-04,39.65,38.7,38.9,39.65,13.1,2571530
2017-10-05,39.9,38.8,39.65,38.8,12.82,5466280
2017-10-06,39.2,38.5,38.8,38.85,12.84,3118160
2017-10-09,39.45,38.8,39.0,39.45,13.04,2299760
2017-10-10,39.7,39.35,39.45,39.7,13.12,2086910
2017-10-11,39.75,39.4,39.7,39.55,13.07,4712450
2017-10-12,40.0,39.3,39.6,39.5,13.05,6714720
2017-10-13,39.55,38.9,39.45,38.95,12.87,3606150
2017-10-16,39.0,37.8,39.0,38.0,12.56,5477600
2017-10-17,39.0,37.9,37.9,39.0,12.89,4334020
2017-10-18,39.3,38.2,39.0,38.4,12.69,3257880
2017-10-19,38.45,37.75,38.0,37.8,12.49,3847220
2017-10-20,37.95,36.9,37.8,37.45,12.38,5134390
2017-10-23,37.5,36.65,37.1,37.1,12.26,3548920
2017-10-24,37.5,37.05,37.45,37.5,12.39,2536880
2017-10-25,37.7,37.35,37.4,37.35,12.34,1865230
2017-10-26,37.35,36.7,37.35,37.0,12.23,2990890
2017-10-27,37.7,36.9,37.05,37.7,12.46,2632070
2017-10-30,37.8,36.8,37.8,36.8,12.16,3932530
2017-10-31,37.4,36.3,36.8,37.0,12.23,4304530
2017-11-01,36.9,35.65,36.8,35.7,11.8,7195800
2017-11-02,36.2,34.8,35.7,34.8,11.5,4642790
2017-11-03,36.2,34.8,35.0,36.2,11.96,3961010
2017-11-06,37.05,36.4,36.5,36.9,12.19,3981740
2017-11-07,37.0,36.6,37.0,36.9,12.19,2598200
2017-11-08,37.3,36.65,36.9,37.05,12.24,6526280
2017-11-09,37.25,36.95,37.2,37.05,12.24,2984290
2017-11-10,37.25,36.9,37.2,37.25,12.31,2695850
2017-11-13,37.25,36.3,37.25,36.65,12.11,2566142
2017-11-14,37.8,36.6,36.8,37.4,12.36,3243090
2017-11-15,38.9,37.45,38.75,38.75,12.81,6073670
2017-11-16,39.2,38.5,38.7,38.65,12.77,3823530
2017-11-17,38.7,37.95,38.6,38.2,12.62,3309020
2017-11-20,38.2,37.2,38.2,37.4,12.36,5032060
2017-11-21,38.0,37.45,37.5,37.55,12.41,5276810
2017-11-22,38.6,37.8,37.9,38.3,12.66,4347630
2017-11-23,38.7,37.8,38.6,38.2,12.62,5048680
2017-11-24,39.2,38.2,38.2,39.1,12.92,6380830
2017-11-27,39.45,38.95,39.2,39.25,12.97,5339270
2017-11-28,39.65,39.1,39.5,39.4,13.02,3685180
2017-11-29,39.4,39.0,39.3,39.3,12.99,3701540
2017-11-30,41.4,39.6,39.6,41.2,13.62,11672840
2017-12-01,41.7,41.0,41.15,41.5,13.71,4392480
2017-12-04,42.1,41.3,41.4,42.0,13.88,5425610
2017-12-05,42.25,41.6,42.0,41.6,13.75,5691430
2017-12-06,42.25,40.6,41.9,42.25,13.96,7327100
2017-12-07,42.3,41.6,42.25,41.95,13.86,4397588
2017-12-08,41.9,41.1,41.9,41.2,13.62,3924840
2017-12-11,41.05,40.2,40.6,40.2,13.28,3778630
2017-12-12,40.9,38.0,40.3,39.7,13.12,7065750
2017-12-13,40.4,39.7,40.4,40.3,13.32,4395040
2017-12-14,40.8,40.25,40.3,40.65,13.43,2231070
2017-12-15,41.95,40.95,40.95,41.7,13.78,5600560
2017-12-18,43.0,41.75,42.2,43.0,14.21,6274820
2017-12-19,44.3,43.15,43.4,43.6,14.41,7414140
2017-12-20,44.5,43.2,43.2,44.0,14.54,4347600
2017-12-21,45.2,43.7,43.7,44.1,14.57,6431690
2017-12-22,44.9,44.1,44.3,44.35,14.66,6183750
2017-12-25,44.45,43.8,44.35,43.85,14.49,2375650
2017-12-26,44.4,43.45,43.5,43.9,14.51,3894280
2017-12-27,45.6,43.9,43.9,45.4,15.0,7613290
2017-12-28,46.0,44.9,45.4,45.8,15.14,3335010
2017-12-29,46.9,45.85,45.95,46.85,15.48,5358602
2018-01-02,47.75,46.45,46.9,47.7,15.76,4105100
2018-01-03,48.5,47.3,48.0,47.6,15.73,4930220
2018-01-04,48.4,47.6,47.8,48.2,15.93,4766720
2018-01-05,48.45,47.65,48.1,48.0,15.86,3660450
2018-01-08,49.5,47.5,47.7,49.5,16.36,3702750
2018-01-09,52.9,49.7,49.8,52.9,17.48,5834620
2018-01-10,54.0,50.6,53.5,51.7,17.09,6251980
2018-01-11,51.9,50.4,51.5,51.7,17.09,5384530
2018-01-12,52.9,51.2,52.0,52.1,17.22,5443440
2018-01-15,54.6,51.6,51.9,54.6,18.04,3458260
2018-01-16,56.0,53.6,54.3,56.0,18.51,4775350
2018-01-17,56.2,53.6,55.4,53.6,17.71,5064910
2018-01-18,56.0,52.8,53.4,56.0,18.51,5619350
2018-01-19,59.9,55.6,56.0,59.7,19.73,7353090
2018-01-22,63.8,59.5,59.5,63.6,21.02,6702390
2018-01-25,65.0,61.0,64.9,61.5,20.32,15233720
2018-01-26,64.5,61.0,62.0,63.9,21.12,4998360
2018-01-29,65.0,61.5,64.5,61.5,20.32,5172130
2018-01-30,61.5,58.5,60.5,61.3,20.26,10331630
2018-01-31,63.8,61.0,61.3,62.3,20.59,6106990
2018-02-01,63.0,60.5,62.3,61.0,20.16,2813090
2018-02-02,61.4,59.7,61.0,61.1,20.19,3891320
2018-02-05,60.4,57.0,59.9,57.0,18.84,7357220
2018-02-06,59.4,53.1,58.0,58.0,19.17,14973300
2018-02-07,61.5,59.1,60.5,59.5,19.66,7438850
2018-02-08,60.8,58.8,59.5,59.7,19.73,4683450
2018-02-09,59.4,56.8,56.8,58.3,19.27,9078840
2018-02-12,59.7,57.9,58.3,58.8,19.43,6576890
2018-02-13,61.1,59.0,59.0,60.6,20.03,5301840
2018-02-21,61.8,59.7,61.5,60.0,19.83,9729720
2018-02-22,59.6,58.7,59.5,58.9,19.46,5028900
2018-02-23,62.0,58.8,59.0,61.6,20.36,10715740
2018-02-26,64.6,62.2,62.9,64.4,21.28,8813510
2018-02-27,64.9,63.4,64.9,64.1,21.18,10025430
2018-02-28,66.0,62.9,63.5,66.0,21.81,11814630
2018-03-01,67.8,65.0,65.9,66.7,22.04,6536250
2018-03-02,66.7,64.7,65.1,66.3,21.91,7816200
2018-03-05,66.3,61.7,66.2,61.7,20.39,19097710
2018-03-06,64.1,59.2,62.0,63.9,21.12,8588250
2018-03-07,63.9,60.5,61.5,61.1,20.19,6932590
2018-03-08,62.6,60.1,60.9,61.8,20.42,4777230
2018-03-09,62.4,61.2,62.0,61.5,20.32,4852550
2018-03-12,62.4,61.4,62.0,62.0,20.49,2965770
2018-03-13,62.0,61.2,61.9,61.5,20.32,2925900
2018-03-14,62.3,61.7,61.9,61.8,20.42,2677570
2018-03-15,61.5,60.4,61.5,60.6,20.03,4149230
2018-03-16,60.9,59.6,60.2,60.2,19.89,9631780
2018-03-19,63.9,61.0,61.0,63.1,20.85,5421860
2018-03-20,62.9,61.5,62.8,61.5,20.32,3422270
2018-03-21,63.4,61.6,61.6,63.0,20.82,4894590
2018-03-22,64.3,62.5,63.0,62.8,20.75,6635870
2018-03-23,62.0,60.5,60.5,61.4,20.29,5671230
2018-03-26,61.3,58.5,60.7,58.9,19.46,13173962
2018-03-27,59.9,58.6,58.6,59.4,19.63,5798310
2018-03-28,60.2,58.8,59.4,59.9,19.8,2410560
2018-03-29,61.2,59.8,60.0,60.8,20.09,4373560
2018-03-30,61.3,60.1,61.2,60.4,19.96,2577560
2018-04-02,60.6,59.0,60.5,59.0,19.5,6093790
2018-04-03,59.5,57.5,59.0,58.5,19.33,6449810
2018-04-04,59.3,58.5,59.0,59.0,19.5,3408600
2018-04-05,59.4,58.6,59.3,58.8,19.43,2349950
2018-04-06,60.4,58.5,58.7,60.4,19.96,5728110
2018-04-09,61.2,60.0,60.6,60.8,20.09,4479210
2018-04-10,61.1,60.1,60.8,60.8,20.09,11111246
2018-04-11,62.0,60.4,61.0,60.5,19.99,7617140
2018-04-12,61.9,59.9,60.2,61.7,20.39,4513010
2018-04-13,62.1,60.9,62.0,61.2,20.22,3303780
2018-04-16,61.0,60.1,60.5,60.1,19.86,2308130
2018-04-17,60.4,59.0,60.4,59.7,19.73,3652180
2018-04-18,60.2,59.0,59.9,59.0,19.5,2757790
2018-04-19,59.1,57.0,58.6,57.0,18.84,5118490
2018-04-20,58.8,56.2,57.0,58.8,19.43,3297740
2018-04-23,58.9,55.5,58.9,55.6,18.37,2862400
2018-04-24,56.9,55.0,55.5,56.0,18.51,3808590
2018-04-26,56.8,53.1,56.0,53.5,17.68,4816560
2018-04-27,54.0,51.8,53.5,53.8,17.78,5135100
2018-05-02,55.4,53.3,54.4,54.4,17.98,4428930
2018-05-03,54.5,53.4,54.3,54.3,17.94,6693700
2018-05-04,55.3,53.9,54.8,54.0,17.85,8624670
2018-05-07,56.0,53.9,54.4,56.0,18.51,4083870
2018-05-08,57.9,55.2,55.9,57.0,18.84,5489060
2018-05-09,57.5,56.1,56.8,57.0,18.84,2356460
2018-05-10,56.9,55.0,56.7,55.2,18.24,2728190
2018-05-11,55.8,54.5,54.6,55.7,18.41,2728770
2018-05-14,56.3,55.0,56.1,55.8,18.44,2961980
2018-05-15,56.2,55.2,55.9,55.4,18.31,2682800
2018-05-16,56.2,53.9,55.1,54.0,17.85,3144190
2018-05-17,54.2,52.8,54.0,53.0,17.51,4117510
2018-05-18,53.9,52.5,53.2,53.9,17.81,4143020
2018-05-21,54.6,53.2,54.5,53.2,17.58,2606300
2018-05-22,53.0,50.5,52.9,50.5,16.69,6361030
2018-05-23,52.0,50.3,50.3,51.7,17.09,3391430
2018-05-24,52.4,51.6,52.0,52.4,17.32,3890040
2018-05-25,53.3,51.8,52.4,52.1,17.22,6221460
2018-05-28,52.0,48.7,50.6,48.7,16.09,5307490
2018-05-29,52.1,48.7,48.7,52.0,17.18,5232880
2018-05-30,53.4,50.9,52.1,52.8,17.45,6303310
2018-05-31,56.1,52.8,52.9,56.1,18.54,10225770
2018-06-01,57.4,56.1,56.5,57.0,18.84,7193770
2018-06-04,60.0,57.3,57.9,60.0,19.83,6455450
2018-06-05,60.2,58.5,60.0,59.0,19.5,6122250
2018-06-06,61.0,58.5,59.2,60.8,20.09,6563330
2018-06-07,62.4,60.8,61.0,61.9,20.46,6456510
2018-06-08,62.0,61.2,62.0,61.3,20.26,3690330
2018-06-11,61.7,60.5,61.0,60.6,20.03,8191000
2018-06-12,44.3,41.7,44.3,42.5,19.66,10831890
2018-06-13,43.6,42.3,42.4,43.4,20.08,4326430
2018-06-14,44.45,42.55,43.8,42.6,19.71,6574380
2018-06-15,43.0,41.8,42.5,43.0,19.89,4820810
2018-06-18,42.7,40.2,42.7,40.2,18.6,7908980
2018-06-19,39.5,37.5,38.8,38.35,17.74,13185240
2018-06-20,40.0,37.8,39.0,40.0,18.51,5767930
2018-06-21,39.95,39.0,39.95,39.25,18.16,3879280
2018-06-22,40.95,38.8,39.0,40.95,18.95,7251238
2018-06-25,42.15,41.05,42.0,41.5,19.2,4064240
2018-06-26,41.15,40.0,40.6,41.1,19.01,3122780
2018-06-27,41.15,39.5,40.9,39.5,18.27,3424170
2018-06-28,39.8,38.6,38.8,38.85,17.97,4582840
2018-06-29,39.2,37.95,38.8,38.4,17.77,5362230
2018-07-02,38.5,37.0,38.0,38.4,17.77,6385040
2018-07-03,38.8,36.3,38.4,36.3,16.79,6523250
2018-07-04,37.45,36.2,36.8,37.1,17.16,3769000
2018-07-05,37.5,35.8,37.1,36.1,16.7,4996120
2018-07-06,37.8,35.2,36.05,36.8,17.03,5567580
2018-07-09,37.5,35.4,37.5,35.7,16.52,3847250
2018-07-10,36.1,35.5,35.5,35.5,16.42,4743470
2018-07-11,35.4,33.8,34.9,34.4,15.92,7678880
2018-07-12,34.15,33.2,33.75,33.75,15.61,3327390
2018-07-13,35.65,34.05,34.2,35.6,16.47,4729750
2018-07-16,36.25,35.35,36.1,35.5,16.42,5329260
2018-07-17,36.15,35.0,35.0,36.1,16.7,3378710
2018-07-18,37.35,36.1,36.3,37.2,17.21,8330670
2018-07-19,37.75,37.1,37.45,37.2,17.21,4014150
2018-07-20,37.0,36.25,36.8,36.7,16.98,4976130
2018-07-23,37.6,36.6,36.95,36.95,17.09,5617420
2018-07-24,36.95,35.1,36.9,35.4,16.38,12245700
2018-07-25,35.8,35.2,35.4,35.5,16.42,5722050
2018-07-26,36.5,35.4,35.5,36.5,16.89,8446850
2018-07-27,37.35,36.35,36.75,37.3,17.26,5661360
2018-07-30,37.8,36.9,37.6,37.05,17.14,6039970
2018-07-31,37.65,36.55,36.9,37.35,17.28,6094660
2018-08-01,38.15,37.3,37.4,37.6,17.4,7008830
2018-08-02,37.5,36.5,37.5,37.25,17.23,6073010
2018-08-03,37.55,36.3,37.5,36.3,16.79,5949600
2018-08-06,36.35,35.6,36.35,36.15,16.72,4791830
2018-08-07,36.15,35.8,36.15,36.15,16.72,5706190
2018-08-08,36.85,36.1,36.2,36.7,16.98,3891350
2018-08-09,37.2,36.5,36.9,36.55,16.91,5360350
2018-08-10,37.1,36.45,36.45,37.0,17.12,4972360
2018-08-13,38.35,36.7,36.9,38.3,17.72,11400140
2018-08-14,38.9,38.25,38.5,38.5,17.81,5313160
2018-08-15,38.75,37.3,38.5,37.5,17.35,4685310
2018-08-16,37.7,36.95,37.0,37.5,17.35,6993170
2018-08-17,38.2,37.45,37.9,37.7,17.44,3745240
2018-08-20,37.7,37.15,37.7,37.25,17.23,3542590
2018-08-21,37.5,37.05,37.1,37.5,17.35,3423060
2018-08-22,38.4,37.45,37.6,38.0,17.58,6668760
2018-08-23,38.35,37.9,37.9,38.1,17.63,3848180
2018-08-24,38.4,37.8,38.0,38.35,17.74,5677060
2018-08-27,39.3,38.5,38.6,38.95,18.02,5850600
2018-08-28,40.2,39.0,39.0,39.9,18.46,11013110
2018-08-29,40.65,39.6,40.0,39.6,18.32,6878210
2018-08-30,39.8,39.15,39.6,39.65,18.34,7495830
2018-08-31,40.35,39.6,39.8,39.95,18.48,6434410
2018-09-04,39.9,39.0,39.7,39.0,18.04,4474530
2018-09-05,39.25,38.5,38.8,38.6,17.86,4632970
2018-09-06,39.2,38.5,38.6,38.65,17.88,5383080
2018-09-07,39.8,38.6,38.6,39.7,18.37,5707420
2018-09-10,39.8,39.2,39.65,39.2,18.14,2698640
2018-09-11,40.2,39.05,39.05,40.0,18.51,7742510
2018-09-12,40.25,39.5,40.1,39.5,18.27,5718520
2018-09-13,40.25,39.5,39.7,39.75,18.39,6446230
2018-09-14,40.05,39.5,39.8,39.5,18.27,4652530
2018-09-17,39.65,39.15,39.3,39.45,18.25,2372700
2018-09-18,39.45,38.8,39.2,39.45,18.25,8400830
2018-09-19,39.9,39.6,39.8,39.65,18.34,5289040
2018-09-20,40.9,39.7,39.9,40.9,18.92,9974190
2018-09-21,41.4,40.65,41.0,41.3,19.11,14273500
2018-09-24,41.7,41.1,41.7,41.3,19.11,4430010
2018-09-25,41.4,40.85,41.25,41.25,19.08,4626220
2018-09-26,41.45,41.0,41.25,41.0,18.97,5014340
2018-09-27,41.6,41.1,41.2,41.55,19.22,5592570
2018-09-28,42.35,41.5,41.6,42.3,19.57,9639300
2018-10-01,42.95,42.05,42.3,42.4,19.62,6816120
2018-10-02,42.05,41.15,41.75,41.3,19.11,10602070
2018-10-03,41.6,41.0,41.0,41.3,19.11,5411960
2018-10-04,41.4,40.9,41.2,41.4,19.15,11906470
2018-10-05,41.9,41.2,41.4,41.45,19.18,11688270
2018-10-08,41.45,41.05,41.2,41.2,19.06,4340940
2018-10-09,41.5,41.0,41.5,41.0,18.97,4696390
2018-10-10,41.75,40.95,41.1,41.4,19.15,7431140
2018-10-11,40.6,39.3,39.9,39.9,18.46,15991110
2018-10-12,40.8,39.4,39.4,40.8,18.88,7889210
2018-10-15,40.7,40.2,40.7,40.35,18.67,4218380
2018-10-16,40.75,40.35,40.35,40.75,18.85,3008510
2018-10-17,41.25,40.85,41.0,41.0,18.97,6199430
2018-10-18,41.15,40.7,41.0,41.0,18.97,4084530
2018-10-19,41.05,40.4,40.7,40.75,18.85,4992750
2018-10-22,40.95,40.1,40.8,40.1,18.55,2565350
2018-10-23,39.95,38.9,39.95,39.5,18.27,10182340
2018-10-24,39.9,39.2,39.2,39.2,18.14,5213790
2018-10-25,39.15,37.85,38.0,39.0,18.04,7241940
2018-10-26,39.6,38.9,39.3,38.9,18.0,5147210
2018-10-29,38.9,38.6,38.65,38.85,17.97,4460930
2018-10-30,39.35,38.6,38.6,38.7,17.9,2685010
2018-10-31,40.25,39.05,39.1,40.25,18.62,8918730
2018-11-01,39.95,39.4,39.9,39.6,18.32,2241010
2018-11-02,40.15,39.8,40.0,40.0,18.51,3595700
2018-11-05,40.0,39.5,39.6,40.0,18.51,3782480
2018-11-06,40.15,39.6,40.1,39.6,18.32,1835970
2018-11-07,39.8,39.15,39.6,39.15,18.11,3559230
2018-11-08,39.85,38.9,39.85,38.9,18.0,2916800
2018-11-09,38.85,37.6,38.6,37.6,17.4,7621440
2018-11-12,37.75,37.15,37.6,37.55,17.37,3043560
2018-11-13,37.3,36.8,37.0,36.9,17.07,6283030
2018-11-14,36.85,35.25,36.85,35.8,16.56,8484380
2018-11-15,35.95,34.75,35.5,35.0,16.19,6829060
2018-11-16,35.7,35.05,35.5,35.2,16.29,2381900
2018-11-19,35.8,35.15,35.5,35.45,16.4,1829759
2018-11-20,36.65,35.4,35.6,36.5,16.89,6662000
2018-11-21,36.8,36.0,36.05,36.5,16.89,3805730
2018-11-22,36.75,35.8,36.6,35.8,16.56,3591490
2018-11-23,36.0,35.5,35.8,35.55,16.45,2169640
2018-11-26,36.2,35.55,35.6,35.6,16.47,2837200
2018-11-27,36.2,35.6,35.8,35.6,16.47,2696200
2018-11-28,35.85,34.95,35.7,35.2,16.29,4490120
2018-11-29,35.65,34.2,35.4,34.2,15.82,4389480
2018-11-30,34.0,33.2,34.0,33.2,15.36,7491520
2018-12-03,35.0,34.0,34.0,34.8,16.1,4698640
2018-12-04,35.2,34.25,35.0,34.6,16.01,4310860
2018-12-05,35.5,34.25,34.35,35.3,16.33,8092180
2018-12-06,35.4,34.5,35.1,34.6,16.01,4632240
2018-12-07,35.0,34.55,34.9,34.65,16.03,3363510
2018-12-10,34.6,33.65,34.5,33.75,15.61,6443420
2018-12-11,33.95,32.8,33.6,33.45,15.48,7028590
2018-12-12,33.75,33.0,33.5,33.6,15.55,3581530
2018-12-13,34.1,33.7,33.85,34.0,15.73,6720160
2018-12-14,33.95,33.4,33.95,33.5,15.5,3865790
2018-12-17,33.5,32.4,33.5,32.4,14.99,4745980
2018-12-18,32.05,30.65,31.7,31.1,14.39,8257460
2018-12-19,31.4,29.0,31.1,29.7,13.74,11655190
2018-12-20,30.15,29.3,29.6,29.95,13.86,7425590
2018-12-21,30.0,29.3,29.3,29.95,13.86,5210780
2018-12-24,30.5,29.95,29.95,30.5,14.11,3372070
2018-12-25,30.4,28.95,29.65,30.4,14.06,4991740
2018-12-26,30.4,29.75,30.4,30.3,14.02,4267010
2018-12-27,31.1,30.3,30.85,30.95,14.32,6583610
2018-12-28,30.95,30.5,30.8,30.95,14.32,8743520
2019-01-02,31.45,30.8,30.8,30.8,14.25,4196210
2019-01-03,30.9,29.5,30.75,29.5,13.65,7032510
2019-01-04,30.0,28.7,29.4,29.7,13.74,6669290
2019-01-07,30.35,29.15,30.3,29.35,13.58,2488920
2019-01-08,29.5,28.7,29.4,28.85,13.35,4239620
2019-01-09,29.8,29.0,29.0,29.5,13.65,2935340
2019-01-10,30.1,29.5,29.6,29.8,13.79,2765570
2019-01-11,29.9,29.35,29.8,29.35,13.58,2869370
2019-01-14,29.45,28.85,29.4,29.3,13.56,3727980
2019-01-15,29.6,29.15,29.3,29.3,13.56,2940430
2019-01-16,29.65,29.15,29.45,29.45,13.63,2981480
2019-01-17,29.45,28.9,29.45,28.9,13.37,1957850
2019-01-18,29.45,29.15,29.3,29.2,13.51,2370620
2019-01-21,29.75,29.2,29.3,29.55,13.67,2067140
2019-01-22,29.85,29.45,29.7,29.5,13.65,1815310
2019-01-23,30.4,29.35,29.4,30.05,13.9,3808700
2019-01-24,30.4,29.85,30.1,29.85,13.81,2387030
2019-01-25,30.1,29.55,30.0,29.7,13.74,1849490
2019-01-28,29.8,29.6,29.8,29.75,13.76,2737280
2019-01-29,29.85,29.5,29.85,29.7,13.74,1923250
2019-01-30,29.6,28.85,29.6,29.0,13.42,6891160
2019-01-31,29.15,27.6,29.0,27.7,12.82,8601120
2019-02-01,28.2,27.0,27.85,27.3,12.63,7280020
2019-02-11,28.9,27.6,27.65,28.9,13.37,4436470
2019-02-12,29.85,28.75,28.9,29.5,13.65,7982400
2019-02-13,31.1,29.5,29.5,30.9,14.3,11667050
2019-02-14,31.3,30.8,30.9,31.0,14.34,7155840
2019-02-15,32.5,30.8,31.0,31.6,14.62,10826200
2019-02-18,32.55,31.95,32.1,32.15,14.87,6419370
2019-02-19,32.5,31.65,32.45,31.7,14.67,6604440
2019-02-20,32.3,31.65,31.7,32.2,14.9,6198290
2019-02-21,32.7,31.9,32.3,32.7,15.13,6010110
2019-02-22,33.95,32.55,32.65,33.9,15.68,8619150
2019-02-25,35.55,34.2,34.45,34.8,16.1,11781980
2019-02-26,35.4,34.25,34.8,34.5,15.96,7834580
2019-02-27,34.95,34.15,34.95,34.4,15.92,5692300
2019-02-28,34.6,33.6,34.55,33.6,15.55,8138980
2019-03-01,34.25,33.6,33.6,34.25,15.85,4610790
2019-03-04,35.35,34.7,34.75,35.35,16.35,5043680
2019-03-05,35.6,34.95,35.1,35.05,16.22,5752680
2019-03-06,35.2,34.4,35.0,35.0,16.19,3373240
2019-03-07,35.05,34.1,35.0,34.1,15.78,4867700
2019-03-08,34.3,33.4,33.5,33.95,15.71,4654840
2019-03-11,34.2,33.6,34.2,33.8,15.64,4858680
2019-03-12,34.15,33.7,34.1,33.85,15.66,5402570
2019-03-13,34.35,33.9,34.0,34.35,15.89,3200950
2019-03-14,34.65,33.9,34.35,34.2,15.82,4482230
2019-03-15,33.1,31.85,33.0,31.9,14.76,17029640
2019-03-18,32.4,30.55,31.5,31.85,14.74,10697940
2019-03-19,31.95,31.1,31.8,31.9,14.76,7535900
2019-03-20,32.6,31.5,31.5,32.3,14.94,5825190
2019-03-21,32.45,31.95,32.3,32.0,14.8,3872980
2019-03-22,32.2,31.85,32.1,31.95,14.78,4792750
2019-03-25,31.65,31.1,31.1,31.4,14.53,5188630
2019-03-26,31.75,31.3,31.6,31.6,14.62,4636460
2019-03-27,32.35,31.65,31.9,32.35,14.97,2539450
2019-03-28,32.45,32.1,32.15,32.45,15.01,2513150
2019-03-29,32.7,31.9,32.55,32.2,14.9,6534270
2019-04-01,32.2,31.9,32.05,31.95,14.78,3670350
2019-04-02,32.25,31.95,32.2,32.1,14.85,1796860
2019-04-03,32.15,31.9,32.0,32.1,14.85,3875800
2019-04-04,32.4,32.0,32.15,32.4,14.99,2865210
2019-04-05,32.65,32.25,32.4,32.5,15.04,1836710
2019-04-08,32.65,32.3,32.5,32.4,14.99,1583300
2019-04-09,32.5,32.0,32.45,32.1,14.85,2884050
2019-04-10,32.05,31.65,32.0,31.95,14.78,2207380
2019-04-11,32.05,31.85,32.0,31.95,14.78,1536930
2019-04-12,32.05,31.85,31.95,32.05,14.83,1576930
2019-04-16,32.0,31.55,31.9,31.75,14.69,1546470
2019-04-17,31.85,31.5,31.75,31.6,14.62,1880340
2019-04-18,31.55,31.3,31.4,31.3,14.48,6442810
2019-04-19,31.7,31.35,31.35,31.6,14.62,2713930
2019-04-22,32.1,31.35,31.35,31.85,14.74,4323920
2019-04-23,32.0,31.85,32.0,31.9,14.76,3115950
2019-04-24,33.35,31.9,32.0,33.35,15.43,6851340
2019-04-25,33.65,33.0,33.5,33.1,15.31,4094750
2019-04-26,33.8,33.1,33.2,33.6,15.55,2820780
2019-05-02,34.0,33.3,33.7,34.0,15.73,5227620
2019-05-03,34.4,33.7,34.0,34.15,15.8,3495970
2019-05-06,33.8,33.2,33.4,33.45,15.48,4500050
2019-05-07,33.8,33.4,33.8,33.5,15.5,3005070
2019-05-08,33.3,33.0,33.25,33.15,15.34,2868810
2019-05-09,33.25,32.6,33.05,32.9,15.22,2292430
2019-05-10,33.2,32.6,33.1,32.85,15.2,1909270
2019-05-13,32.95,32.0,32.95,32.05,14.83,3810530
2019-05-14,32.4,31.7,31.7,32.4,14.99,1970770
2019-05-15,32.7,32.3,32.4,32.4,14.99,2537170
2019-05-16,32.7,32.3,32.45,32.3,14.94,4268610
2019-05-17,32.4,32.2,32.3,32.25,14.92,1541570
2019-05-20,33.05,32.25,32.25,32.8,15.17,2389410
2019-05-21,33.2,32.8,32.95,32.9,15.22,5312580
2019-05-22,33.4,32.9,33.0,33.0,15.27,2514350
2019-05-23,33.05,32.65,33.0,32.75,15.15,2533270
2019-05-24,32.65,32.15,32.5,32.15,14.87,3667800
2019-05-27,32.35,32.1,32.1,32.2,14.9,1699260
2019-05-28,32.5,32.05,32.5,32.05,14.83,3839040
2019-05-29,32.5,32.05,32.3,32.5,15.04,1660260
2019-05-30,32.5,31.95,32.5,32.0,14.8,6835119
2019-05-31,32.2,32.0,32.0,32.1,14.85,3594280
2019-06-03,32.1,31.4,32.05,31.5,14.57,13024790
2019-06-04,24.8,24.05,24.6,24.3,14.62,3487800
2019-06-05,24.7,23.7,24.4,23.8,14.31,2988710
2019-06-06,23.9,22.35,23.9,22.7,13.65,8777210
2019-06-07,23.3,22.85,23.0,22.95,13.8,5445349
2019-06-10,23.4,22.85,23.25,22.9,13.77,6887233
2019-06-11,23.2,22.7,23.0,23.0,13.83,6041100
2019-06-12,23.25,22.85,22.9,23.1,13.89,3332550
2019-06-13,23.4,22.9,23.4,23.0,13.83,3003260
2019-06-14,23.05,22.95,23.0,22.95,13.8,4480990
2019-06-17,23.0,22.45,22.95,22.45,13.5,4154160
2019-06-18,23.1,22.45,22.45,23.05,13.86,5957560
2019-06-19,23.85,23.3,23.85,23.85,14.35,8365940
2019-06-20,24.1,23.6,24.1,23.6,14.19,5423970
2019-06-21,23.9,23.6,23.9,23.7,14.25,4819070
2019-06-24,24.05,23.3,23.8,23.35,14.04,4073940
2019-06-25,23.4,23.0,23.2,23.1,13.89,5884860
2019-06-26,23.25,22.9,23.05,22.9,13.77,2967730
2019-06-27,22.95,22.55,22.55,22.55,13.56,5001799
2019-06-28,23.5,22.45,23.5,23.5,14.13,4696030
2019-07-01,23.3,22.8,23.0,23.0,13.83,5166060
2019-07-02,23.0,22.55,22.6,22.6,13.59,5016600
2019-07-03,22.65,22.1,22.6,22.15,13.32,6335447
2019-07-04,22.5,22.0,22.6,22.3,13.41,6451190
2019-07-05,22.45,22.15,22.3,22.3,13.41,4681660
2019-07-08,22.3,21.7,22.2,21.75,13.08,8233220
2019-07-09,21.95,21.35,21.8,21.35,12.84,6891920
2019-07-10,21.75,21.3,21.4,21.35,12.84,5788990
2019-07-11,21.65,21.4,21.4,21.55,12.96,3504040
2019-07-12,22.0,21.65,21.7,21.9,13.17,3366890
2019-07-15,22.0,21.45,21.7,21.45,12.9,3902390
2019-07-16,21.65,21.45,21.6,21.6,12.99,4425807
2019-07-17,21.65,21.3,21.65,21.35,12.84,5461170
2019-07-18,21.4,20.85,21.35,20.95,12.6,8752000
2019-07-19,21.2,20.4,21.0,20.6,12.39,11442000
2019-07-22,21.2,20.3,20.6,20.75,12.48,6886080
2019-07-23,21.75,20.8,20.8,21.7,13.05,11555220
2019-07-24,21.8,21.4,21.7,21.55,12.96,3747610
2019-07-25,22.4,21.5,21.5,22.4,13.47,9773450
2019-07-26,23.05,22.45,22.6,22.55,13.56,11272570
2019-07-29,22.55,21.75,22.55,22.1,13.29,8160570
2019-07-30,22.2,21.5,22.1,21.5,12.93,6426110
2019-07-31,22.55,21.3,21.4,22.55,13.56,6538340
2019-08-01,22.75,22.25,22.5,22.6,13.59,6221030
2019-08-02,22.55,22.1,22.2,22.45,13.5,7242250
2019-08-05,22.5,22.0,22.35,22.15,13.32,6928970
2019-08-06,22.0,21.55,21.55,21.75,13.08,6094200
2019-08-07,22.15,21.8,21.55,22.1,13.29,3757020
2019-08-08,23.3,22.15,22.15,23.3,14.01,12118430
2019-08-09,23.5,23.0,23.4,23.1,13.89,4355200
2019-08-12,23.85,23.1,23.1,23.6,14.19,8127360
2019-08-13,23.9,23.3,23.3,23.45,14.1,7402550
2019-08-14,23.8,23.4,23.8,23.45,14.1,4271400
2019-08-15,23.25,22.8,23.0,23.25,13.98,7114500
2019-08-16,23.35,22.9,23.25,23.05,13.86,9235190
2019-08-19,23.3,22.95,23.0,23.05,13.86,2540900
2019-08-20,23.3,22.75,23.05,22.9,13.77,5240700
2019-08-21,23.25,22.8,22.9,23.2,13.95,5427580
2019-08-22,23.35,23.0,23.3,23.05,13.86,3344500
2019-08-23,23.45,23.1,23.25,23.4,14.07,5386570
2019-08-26,23.15,22.7,23.1,22.8,13.71,6356560
2019-08-27,23.05,22.4,23.0,22.4,13.47,9238960
2019-08-28,22.5,22.1,22.4,22.25,13.38,4550410
2019-08-29,22.25,22.0,22.25,22.15,13.32,6341380
2019-08-30,22.45,22.05,22.15,22.2,13.35,3772930
2019-09-03,22.3,21.65,22.2,21.65,13.02,5588060
2019-09-04,21.8,21.5,22.2,21.6,12.99,6396960
2019-09-05,21.95,21.6,21.65,21.7,13.05,3534620
2019-09-06,21.9,21.4,21.8,21.4,12.87,4405690
2019-09-09,21.55,21.2,21.8,21.2,12.75,4038180
2019-09-10,21.35,21.1,21.2,21.3,12.81,5385540
2019-09-11,22.05,21.25,21.3,22.05,13.26,6722490
2019-09-12,22.6,22.15,22.15,22.55,13.56,5720010
2019-09-13,22.65,22.4,22.5,22.6,13.59,5619330
2019-09-16,22.65,22.25,22.5,22.65,13.62,5400470
2019-09-17,22.7,22.4,22.65,22.7,13.65,4765890
2019-09-18,23.05,22.6,22.7,23.0,13.83,7545770
2019-09-19,23.05,22.7,23.0,22.95,13.8,5058850
2019-09-20,22.95,22.55,22.95,22.65,13.62,6461450
2019-09-23,22.6,22.0,22.6,22.0,13.23,5357440
2019-09-24,22.15,21.85,21.95,22.15,13.32,2638580
2019-09-25,22.1,21.75,22.1,21.9,13.17,5902320
2019-09-26,22.25,21.7,22.0,22.25,13.38,3902860
2019-09-27,22.45,22.15,22.25,22.15,13.32,3189980
2019-09-30,22.25,21.95,22.2,21.95,13.2,4419680
2019-10-01,22.2,21.85,21.95,21.9,13.17,4280670
2019-10-02,22.05,21.7,22.0,21.75,13.08,4962700
2019-10-03,21.7,21.45,21.7,21.55,12.96,4988270
2019-10-04,21.7,21.3,21.6,21.35,12.84,4992630
2019-10-07,21.5,21.2,21.35,21.3,12.81,3756250
2019-10-08,21.9,21.25,21.4,21.9,13.17,4247030
2019-10-09,21.9,21.7,21.9,21.9,13.17,3151990
2019-10-10,22.1,21.5,21.9,21.5,12.93,4182250
2019-10-11,21.7,21.4,21.6,21.5,12.93,4148140
2019-10-14,21.7,21.45,21.7,21.45,12.9,3152400
2019-10-15,21.7,21.35,21.5,21.35,12.84,4252960
2019-10-16,21.5,21.3,21.4,21.3,12.81,3222200
2019-10-17,21.65,21.3,21.3,21.4,12.87,4831150
2019-10-18,21.55,21.3,21.55,21.4,12.87,3201630
2019-10-21,21.45,21.2,21.4,21.2,12.75,3402930
2019-10-22,21.65,21.2,21.2,21.6,12.99,4509850
2019-10-23,22.1,21.6,21.6,21.85,13.14,7595670
2019-10-24,22.1,21.85,21.9,22.0,13.23,5380080
2019-10-25,22.0,21.75,22.0,21.8,13.11,2712380
2019-10-28,22.3,21.65,21.8,22.2,13.35,9943840
2019-10-29,22.45,22.1,22.2,22.2,13.35,5878540
2019-10-30,22.25,22.0,22.25,22.0,13.23,3066190
2019-10-31,22.05,21.7,22.0,21.8,13.11,7424680
2019-11-01,22.1,21.8,21.9,21.9,13.17,4713970
2019-11-04,22.2,21.7,22.1,21.75,13.08,7105110
2019-11-05,22.15,21.75,21.8,21.9,13.17,6382860
2019-11-06,22.15,21.95,22.0,22.0,13.23,5545660
2019-11-07,22.75,22.1,22.15,22.7,13.65,14467350
2019-11-08,22.8,22.5,22.7,22.7,13.65,5827050
2019-11-11,23.1,22.6,22.6,22.8,13.71,8821180
2019-11-12,23.1,22.55,22.75,23.0,13.83,7126830
2019-11-13,23.15,22.65,23.1,22.65,13.62,6663316
2019-11-14,22.85,22.5,22.65,22.65,13.62,5606590
2019-11-15,22.8,22.55,22.65,22.65,13.62,4263980
2019-11-18,23.0,22.7,22.7,22.9,13.77,4195760
2019-11-19,22.95,22.7,22.95,22.8,13.71,18729634
2019-11-20,22.8,22.25,22.8,22.4,13.47,7373150
2019-11-21,22.35,22.0,22.3,22.0,13.23,9519606
2019-11-22,22.35,22.0,22.2,22.1,13.29,6265620
2019-11-25,22.35,22.0,22.15,22.25,13.38,6345870
2019-11-26,22.8,22.35,22.35,22.65,13.62,8352683
2019-11-27,22.8,22.55,22.75,22.6,13.59,3524960
2019-11-28,22.7,22.45,22.6,22.6,13.59,5706940
2019-11-29,22.95,22.45,22.6,22.85,13.74,6641320
2019-12-02,23.2,22.85,22.85,22.95,13.8,9096550
2019-12-03,23.7,22.7,22.95,23.45,14.1,11284390
2019-12-04,23.6,23.35,23.4,23.45,14.1,6117700
2019-12-05,23.45,23.05,23.35,23.1,13.89,5267270
2019-12-06,23.9,23.1,23.1,23.85,14.35,7223030
2019-12-09,24.45,23.85,23.85,24.2,14.56,8402140
2019-12-10,24.55,24.1,24.2,24.4,14.68,10337070
2019-12-11,24.4,23.9,24.3,24.4,14.68,5621140
2019-12-12,24.4,24.1,24.3,24.2,14.56,4452040
2019-12-13,24.5,23.8,24.2,23.8,14.31,9476390
2019-12-16,23.9,23.55,23.8,23.75,14.28,7163850
2019-12-17,23.85,22.9,23.75,23.15,13.92,11563200
2019-12-18,23.15,22.5,23.15,22.55,13.56,9180830
2019-12-19,23.1,22.55,22.55,22.8,13.71,11868740
2019-12-20,23.25,22.8,22.95,23.0,13.83,7085790
2019-12-23,23.5,22.95,23.15,23.05,13.86,4009100
2019-12-24,23.3,22.95,23.05,23.2,13.95,4159640
2019-12-25,23.4,23.15,23.2,23.15,13.92,3278750
2019-12-26,23.3,23.0,23.3,23.0,13.83,3387690
2019-12-27,23.55,22.85,23.0,23.55,14.16,4460570
2019-12-30,23.85,23.5,23.65,23.65,14.22,3356980
2019-12-31,23.7,23.35,23.65,23.5,14.13,3273230
2020-01-02,24.0,23.35,23.5,24.0,14.44,4232230
2020-01-03,24.35,24.05,24.2,24.15,14.53,7832210
2020-01-06,24.25,23.85,24.0,24.0,14.44,5371060
2020-01-07,24.2,23.6,24.1,23.7,14.25,5371220
2020-01-08,23.65,23.15,23.5,23.45,14.1,6581130
2020-01-09,24.15,23.6,23.6,24.0,14.44,4723440
2020-01-10,24.55,24.05,24.1,24.2,14.56,10647070
2020-01-13,24.4,24.1,24.2,24.25,14.59,5753520
2020-01-14,25.05,24.2,24.25,25.0,15.04,9913300
2020-01-15,25.35,24.9,25.05,25.15,15.13,6651520
2020-01-16,25.35,24.95,25.0,25.3,15.22,7997030
2020-01-17,25.65,24.9,25.3,25.0,15.04,6779150
2020-01-20,25.5,24.7,25.0,25.5,15.34,6258590
2020-01-21,26.0,25.55,25.75,25.85,15.55,6385280
2020-01-22,26.4,25.85,25.85,26.3,15.82,9659900
2020-01-30,25.9,24.95,25.55,25.3,15.22,13554490
2020-01-31,25.3,24.1,25.0,24.1,14.5,11221470
2020-02-03,24.8,22.7,24.55,24.55,14.77,12579180
2020-02-04,24.8,24.1,24.65,24.6,14.8,11672590
2020-02-05,25.0,24.2,24.85,24.45,14.71,7948550
2020-02-06,25.2,24.3,24.35,25.2,15.16,9432250
2020-02-07,25.3,24.2,25.2,24.35,14.65,8145840
2020-02-10,24.65,23.95,24.0,24.35,14.65,5779930
2020-02-11,24.6,23.45,24.45,23.6,14.19,12651620
2020-02-12,24.15,23.45,23.5,23.8,14.31,9852500
2020-02-13,23.9,23.6,23.75,23.7,14.25,6486850
2020-02-14,23.75,23.35,23.6,23.7,14.25,7702290
2020-02-17,23.85,23.6,23.7,23.75,14.28,2743840
2020-02-18,23.85,23.3,23.85,23.3,14.01,7556030
2020-02-19,23.45,23.1,23.3,23.25,13.98,7996650
2020-02-20,23.75,23.25,23.45,23.75,14.28,5425250
2020-02-21,23.8,23.5,23.75,23.55,14.16,4633960
2020-02-24,23.15,22.7,22.75,22.7,13.65,13241454
2020-02-25,23.1,22.6,22.6,23.1,13.89,5521830
2020-02-26,23.0,22.7,22.75,22.75,13.68,4502880
2020-02-27,23.05,22.7,22.7,22.95,13.8,4435920
2020-02-28,22.8,22.25,22.55,22.35,13.44,6801970
2020-03-02,22.5,22.2,22.2,22.3,13.41,4353870
2020-03-03,22.8,22.3,22.8,22.3,13.41,4411940
2020-03-04,22.6,22.35,22.4,22.35,13.44,2946050
2020-03-05,22.65,22.35,22.6,22.35,13.44,2594810
2020-03-06,22.45,22.25,22.35,22.4,13.47,3270470
2020-03-09,21.55,20.85,20.85,20.85,12.54,17131550
2020-03-10,21.75,20.5,20.5,21.65,13.02,8137980
2020-03-12,19.8,19.15,19.55,19.25,11.58,15147329
2020-03-13,19.7,17.95,18.05,19.05,11.46,13970580
2020-03-16,19.85,18.95,19.2,19.1,11.49,10261924
2020-03-17,19.3,18.6,19.2,19.2,11.55,6853400
2020-03-18,20.1,19.35,19.4,19.7,11.85,11669410
2020-03-19,19.5,18.9,19.4,19.15,11.52,7931200
2020-03-20,19.3,18.6,19.25,18.6,11.19,13401260
2020-03-23,18.0,17.3,17.4,17.3,10.41,13017170
2020-03-24,17.35,16.65,17.0,17.1,10.29,14160390
2020-03-25,17.85,17.4,17.85,17.8,10.71,7758210
2020-03-26,17.6,16.9,17.55,16.95,10.19,9594960
2020-03-27,17.0,15.8,16.9,16.2,9.74,13442640
2020-03-30,16.7,15.25,15.3,16.35,9.83,11165540
2020-03-31,17.35,15.25,16.35,16.85,10.13,11383440
2020-04-01,17.5,16.65,16.7,17.25,10.38,5936380
2020-04-03,17.7,17.2,17.25,17.65,10.62,6503290
2020-04-06,18.85,17.9,18.15,18.85,11.34,10508240
2020-04-07,19.1,18.25,19.05,19.0,11.43,7683620
2020-04-08,18.8,18.3,18.4,18.7,11.25,5106690
2020-04-09,19.0,18.55,18.8,18.55,11.16,7134720
2020-04-10,19.0,18.3,18.5,18.8,11.31,6058450
2020-04-13,19.5,18.7,18.8,19.35,11.64,9295420
2020-04-14,19.95,19.2,19.3,19.95,12.0,8744760
2020-04-15,20.3,19.95,20.0,20.1,12.09,5960450
2020-04-16,20.4,19.75,19.95,20.25,12.18,6793470
2020-04-17,20.8,20.2,20.25,20.7,12.45,8987440
2020-04-20,21.5,20.55,21.0,21.2,12.75,9422860
2020-04-21,21.25,20.15,20.75,20.2,12.15,12434710
2020-04-22,21.3,20.3,20.5,20.8,12.51,11323060
2020-04-23,21.95,21.3,21.3,21.6,12.99,8515940
2020-04-24,22.2,21.3,21.7,22.1,13.29,8519650
2020-04-27,22.6,21.85,22.25,21.95,13.2,7496160
2020-04-28,22.1,21.25,22.0,21.4,12.87,7757010
2020-04-29,21.7,21.0,21.5,21.5,12.93,7447050
2020-05-04,21.55,21.0,21.5,21.0,12.63,4834580
2020-05-05,21.65,21.3,21.4,21.4,12.87,5894530
2020-05-06,22.2,21.5,21.55,22.2,13.35,8310940
2020-05-07,23.6,22.3,22.3,23.6,14.19,15337250
2020-05-08,24.15,23.4,23.8,23.4,14.07,12806610
2020-05-11,24.1,23.3,23.95,23.95,14.41,7320240
2020-05-12,23.9,23.4,23.65,23.65,14.22,10907620
2020-05-13,24.2,23.3,23.45,24.1,14.5,9948210
2020-05-14,24.1,23.7,23.8,23.95,14.41,6617650
2020-05-15,24.05,23.4,23.95,23.5,14.13,9377060
2020-05-18,25.1,24.0,24.45,25.1,15.1,14336920
2020-05-19,26.85,26.05,26.4,26.15,15.73,19332950
2020-05-20,26.6,25.65,26.0,26.45,15.91,11848470
2020-05-21,26.55,26.1,26.35,26.5,15.94,11513810
2020-05-22,27.45,26.25,26.35,27.25,16.39,18037530
2020-05-25,27.8,27.15,27.5,27.3,16.42,11238880
2020-05-26,28.4,27.3,27.35,28.4,17.08,11703440
2020-05-27,28.6,27.2,28.6,27.2,16.36,20269190
2020-05-28,27.6,26.9,27.5,27.2,16.36,14586370
2020-05-29,27.7,27.0,27.3,27.4,16.48,13223390
2020-06-01,27.8,27.45,27.8,27.65,16.63,8022890
2020-06-02,27.8,26.95,27.8,27.05,16.27,11489000
2020-06-03,27.2,26.6,27.05,26.95,16.21,12062120
2020-06-04,27.4,26.6,27.0,26.6,16.0,14528200
2020-06-05,27.3,26.2,26.5,27.05,16.27,13682060
2020-06-08,28.1,27.3,27.5,27.7,16.66,17444920
2020-06-09,28.0,26.95,27.95,27.1,16.3,18693450
2020-06-10,27.4,26.65,27.0,27.0,16.24,9912520
2020-06-11,27.15,25.5,26.85,25.5,15.34,22959560
2020-06-12,26.5,24.5,24.5,26.5,15.94,21241260
2020-06-15,26.5,25.35,26.3,25.4,15.28,11352840
2020-06-16,26.4,25.65,26.0,26.2,15.76,9094610
2020-06-17,26.45,25.9,26.2,26.25,15.79,7196110
2020-06-18,26.85,25.85,25.95,26.8,16.12,9055090
2020-06-19,27.35,27.0,27.0,27.35,16.45,10532760
2020-06-22,27.8,26.95,27.4,27.3,16.42,9729970
2020-06-23,27.7,26.75,27.3,27.0,16.24,11962500
2020-06-24,27.35,26.8,27.0,27.0,16.24,6591760
2020-06-25,27.8,26.55,26.7,27.3,16.42,24750040
2020-06-26,27.6,27.0,27.4,27.2,16.36,9363870
2020-06-29,27.0,26.25,26.9,26.65,16.03,12378070
2020-06-30,27.4,26.55,26.8,26.8,16.12,15426230
2020-07-01,27.5,26.9,27.0,27.4,16.48,11483030
2020-07-02,27.75,27.4,27.5,27.6,16.6,13000820
2020-07-03,27.75,27.4,27.7,27.5,16.54,8631500
2020-07-06,27.75,27.45,27.7,27.6,16.6,9784629
2020-07-07,28.9,27.7,27.75,28.35,17.05,28668770
2020-07-08,28.45,27.9,28.15,28.05,16.87,9155900
2020-07-09,28.3,27.95,28.1,28.15,16.93,7788480
2020-07-10,28.25,27.6,28.0,27.75,16.69,15553904
2020-07-13,27.85,27.25,27.55,27.65,16.63,15001240
2020-07-14,27.95,27.4,27.45,27.9,16.78,5757320
2020-07-15,28.4,28.05,28.2,28.05,16.87,6581150
2020-07-16,28.9,27.95,28.2,28.6,17.2,18927840
2020-07-17,28.75,28.55,28.7,28.55,17.17,6833400
2020-07-20,28.7,28.0,28.0,28.0,16.84,12122590
2020-07-21,28.25,27.8,28.1,28.1,16.9,12217320
2020-07-22,28.4,27.95,28.3,28.1,16.9,7461530
2020-07-23,28.2,27.7,28.1,28.2,16.96,10177170
2020-07-24,28.05,26.3,28.0,26.85,16.15,21288480
2020-07-27,27.15,25.8,26.05,25.95,15.61,18434440
2020-07-28,27.5,26.2,26.5,27.35,16.45,14179250
2020-07-29,22.8,21.15,22.3,21.75,15.99,18744880
2020-07-30,22.3,21.85,21.9,22.1,16.25,11492150
2020-07-31,22.05,21.45,21.45,21.7,15.95,7698240
2020-08-03,23.0,21.7,21.7,22.9,16.84,17231110
2020-08-04,23.3,22.8,23.2,23.0,16.91,11386090
2020-08-05,24.35,22.9,23.0,24.1,17.72,26847970
2020-08-06,24.4,23.8,24.1,24.05,17.68,13784810
2020-08-07,24.3,23.95,24.0,24.2,17.79,12162410
2020-08-10,24.75,24.3,24.45,24.3,17.87,15466220
2020-08-11,24.55,24.1,24.4,24.25,17.83,9775913
2020-08-12,24.5,24.1,24.3,24.3,17.87,8971420
2020-08-13,24.6,24.3,24.5,24.5,18.01,7862850
2020-08-14,24.6,23.9,24.5,24.1,17.72,15356070
2020-08-17,24.3,23.95,24.3,24.3,17.87,8488450
2020-08-18,24.4,24.1,24.4,24.15,17.76,5664000
2020-08-19,24.4,24.1,24.2,24.25,17.83,9408940
2020-08-20,24.35,24.0,24.25,24.1,17.72,10382120
2020-08-21,24.4,24.05,24.1,24.35,17.9,8970990
2020-08-24,24.95,24.4,24.5,24.8,18.23,14671710
2020-08-25,25.05,24.55,24.9,24.55,18.05,10747520
2020-08-26,24.55,24.2,24.5,24.2,17.79,17416890
2020-08-27,24.35,24.1,24.2,24.3,17.87,9108320
2020-08-28,24.5,24.25,24.5,24.3,17.87,11603550
2020-08-31,24.8,24.2,24.2,24.55,18.05,13379160
2020-09-01,24.95,24.45,24.55,24.8,18.23,17606741
2020-09-03,25.2,24.9,25.0,25.0,18.38,14646934
2020-09-04,25.1,24.65,24.65,24.95,18.34,19125390
2020-09-07,25.1,24.5,25.0,24.5,18.01,14431650
2020-09-08,24.7,24.45,24.6,24.65,18.12,12580113
2020-09-09,24.95,24.35,24.4,24.5,18.01,19632380
2020-09-10,24.85,24.5,24.7,24.55,18.05,14406250
2020-09-11,24.65,24.45,24.55,24.45,17.98,11672440
2020-09-14,24.75,24.5,24.5,24.6,18.09,12723310
2020-09-15,24.95,24.65,24.75,24.7,18.16,9059250
2020-09-16,24.8,24.6,24.75,24.7,18.16,6987240
2020-09-17,25.5,24.7,24.75,25.4,18.67,27237610
2020-09-18,25.7,25.5,25.55,25.7,18.89,12735700
2020-09-21,25.95,25.6,25.9,25.7,18.89,11743470
2020-09-22,25.7,25.4,25.5,25.55,18.78,15455880
2020-09-23,25.9,25.55,25.65,25.8,18.97,12654480
2020-09-24,25.9,25.5,25.7,25.65,18.86,12435190
2020-09-25,25.8,25.5,25.8,25.75,18.93,10394210
2020-09-28,26.4,25.7,25.8,26.4,19.41,17853130
2020-09-29,26.8,26.35,26.45,26.35,19.37,18796900
2020-09-30,26.55,26.1,26.35,26.4,19.41,12985480
2020-10-01,27.2,26.5,26.6,27.0,19.85,17161730
2020-10-02,27.25,26.0,27.05,26.7,19.63,20467970
2020-10-05,27.4,26.85,26.85,27.35,20.11,12791350
2020-10-06,28.25,27.2,27.45,28.25,20.77,23609700
2020-10-07,28.3,27.8,28.1,27.8,20.44,15982970
2020-10-08,28.1,27.7,28.0,28.1,20.66,20529670
2020-10-09,28.7,28.0,28.2,28.5,20.95,9614570
2020-10-12,28.75,28.05,28.65,28.25,20.77,14258740
2020-10-13,28.25,27.9,28.2,28.0,20.59,10665790
2020-10-14,28.35,27.8,27.95,28.35,20.84,16541110
2020-10-15,30.0,29.05,30.0,29.05,21.36,30695160
2020-10-16,29.5,28.95,29.2,29.1,21.39,17319070
2020-10-19,29.25,28.85,29.15,28.9,21.25,10939140
2020-10-20,29.35,28.7,28.75,29.35,21.58,14428200
2020-10-21,29.6,29.0,29.45,29.1,21.39,11707590
2020-10-22,29.6,28.9,29.0,29.6,21.76,13217020
2020-10-23,30.9,29.65,29.8,30.9,22.72,30086990
2020-10-26,32.0,30.7,31.0,30.8,22.64,20406250
2020-10-27,31.7,30.55,30.6,31.4,23.09,25521540
2020-10-28,31.65,30.2,31.15,30.4,22.35,25663180
2020-10-29,30.75,29.95,29.95,30.6,22.5,20888540
2020-10-30,30.9,29.9,30.8,30.55,22.46,19462020
2020-11-02,30.7,30.35,30.55,30.6,22.5,10418860
2020-11-03,31.3,30.55,31.0,30.7,22.57,17521020
2020-11-04,31.0,30.35,30.7,30.65,22.53,18313403
2020-11-05,30.75,30.25,30.65,30.25,22.24,11598310
2020-11-06,30.7,30.2,30.3,30.4,22.35,13410500
2020-11-09,31.5,30.7,30.8,31.5,23.16,18557580
2020-11-10,32.2,31.3,32.1,31.3,23.01,20675160
2020-11-11,31.6,31.15,31.3,31.3,23.01,14564290
2020-11-12,31.5,31.25,31.3,31.45,23.12,9803730
2020-11-13,31.95,31.45,31.5,31.95,23.49,12161630
2020-11-16,32.75,31.9,32.3,32.25,23.71,25538500
2020-11-17,33.35,32.4,32.5,33.35,24.52,16228900
2020-11-18,34.6,33.35,33.6,34.6,25.44,22115200
2020-11-19,35.5,34.45,34.7,35.2,25.88,26533130
2020-11-20,35.7,34.95,35.3,35.7,26.25,18291040
2020-11-23,37.85,35.5,35.7,37.5,27.57,24881540
2020-11-24,38.5,36.3,37.75,37.5,27.57,51536510
2020-11-25,36.9,35.2,36.8,35.6,26.17,59697460
2020-11-26,35.4,34.3,35.1,35.1,25.81,33603400
2020-11-27,36.4,35.0,35.0,36.25,26.65,16634420
2020-11-30,36.4,35.5,36.25,35.5,26.1,41766750
2020-12-01,35.6,34.55,34.9,35.6,26.17,21902760
2020-12-02,35.65,35.1,35.6,35.3,25.95,17743640
2020-12-03,36.85,35.3,35.55,36.85,27.09,23707210
2020-12-04,37.25,36.7,37.05,36.95,27.17,19703110
2020-12-07,38.4,36.85,38.2,38.2,28.08,25685300
2020-12-08,38.8,38.0,38.2,38.4,28.23,20824350
2020-12-09,38.6,38.1,38.5,38.5,28.31,16364400
2020-12-10,38.6,37.2,38.5,37.6,27.64,42787770
2020-12-11,38.8,37.7,38.0,38.8,28.53,17961080
2020-12-14,39.5,38.95,39.4,39.25,28.86,15568540
2020-12-15,39.15,38.5,39.05,38.6,28.38,20601914
2020-12-16,39.35,38.5,38.8,38.8,28.53,18902370
2020-12-17,38.65,37.65,38.4,37.65,27.68,30775570
2020-12-18,38.75,37.9,38.1,38.6,28.38,20111910
2020-12-21,39.05,38.35,39.0,38.55,28.34,16433700
2020-12-22,39.45,38.3,38.55,39.35,28.93,26442720
2020-12-23,41.2,39.4,39.45,40.0,29.41,28154610
2020-12-24,40.8,38.6,40.6,39.95,29.37,18813920
2020-12-25,40.85,39.5,40.0,40.75,29.96,22867520
2020-12-28,41.95,41.0,41.8,41.55,30.55,21355080
2020-12-29,41.85,41.05,41.25,41.6,30.58,13746540
2020-12-30,41.6,40.75,40.9,40.9,30.07,22347500
2020-12-31,41.75,40.7,40.9,41.45,30.47,12137640
2021-01-04,43.0,41.65,42.0,42.3,31.1,17422606
2021-01-05,42.8,41.7,41.8,42.35,31.14,18634100
2021-01-06,43.3,42.3,42.5,42.8,31.47,19818600
2021-01-07,43.2,42.25,43.15,42.8,31.47,25867000
2021-01-08,43.3,42.6,42.9,42.75,31.43,20555400
2021-01-11,43.3,42.6,43.1,43.05,31.65,16645100
2021-01-12,44.9,42.9,43.2,44.9,33.01,22838800
2021-01-13,45.45,44.4,45.2,44.7,32.86,16381200
2021-01-14,44.7,43.85,44.7,44.45,32.68,17827000
2021-01-15,45.05,44.3,44.3,44.5,32.72,14788300
2021-01-18,44.85,44.25,44.5,44.6,32.79,19254800
2021-01-19,44.6,41.5,44.6,41.6,30.58,28918740
2021-01-20,42.95,40.0,42.0,41.7,30.66,38432672
2021-01-21,44.2,41.8,42.85,44.2,32.5,21469700
2021-01-22,44.7,43.55,44.3,43.65,32.09,15698600
2021-01-25,45.45,43.1,43.25,43.7,32.13,34366200
2021-01-26,43.6,41.6,43.6,42.3,31.1,24421900
2021-01-27,42.4,39.5,41.4,40.3,29.63,28533800
2021-01-28,39.05,37.5,37.6,37.5,27.57,50047100
2021-01-29,39.95,37.0,37.0,39.15,28.78,40385068
2021-02-01,39.85,38.2,39.0,38.35,28.19,23472708
2021-02-02,40.5,38.25,38.5,40.5,29.78,30001700
2021-02-03,42.35,41.0,41.2,42.0,30.88,35749200
2021-02-04,42.2,41.55,42.0,41.8,30.73,23276400
2021-02-05,42.7,41.7,41.95,42.5,31.25,24671400
2021-02-08,42.6,40.0,40.9,40.9,30.07,33268400
2021-02-09,41.9,40.45,40.9,41.8,30.73,26164800
2021-02-17,43.45,42.3,42.45,43.45,31.94,24273200
2021-02-18,44.0,42.95,43.4,43.85,32.24,21618700
2021-02-19,43.9,43.1,43.3,43.45,31.94,17666524
2021-02-22,44.4,43.0,43.45,43.4,31.91,21430500
2021-02-23,43.75,42.95,43.2,43.3,31.83,17921700
2021-02-24,44.4,43.3,43.65,43.6,32.05,27492600
2021-02-25,44.4,43.65,44.0,44.15,32.46,21931700
2021-02-26,45.7,43.6,43.7,45.6,33.53,43141200
2021-03-01,46.3,45.8,46.25,46.2,33.97,22128200
2021-03-02,47.1,46.2,46.8,46.7,34.33,24108703
2021-03-03,47.05,46.5,46.55,46.8,34.41,22977900
2021-03-04,46.9,45.0,46.9,45.9,33.75,28612100
2021-03-05,46.1,45.1,45.65,46.0,33.82,22786800
2021-03-08,46.9,46.0,46.6,46.3,34.04,19084700
2021-03-09,46.2,45.05,46.0,45.85,33.71,16689800
2021-03-10,45.85,45.15,45.85,45.6,33.53,16262500
2021-03-11,46.65,45.8,45.9,46.4,34.11,17521400
2021-03-12,46.6,46.2,46.6,46.45,34.15,13823700
2021-03-15,46.9,46.4,46.6,46.5,34.19,13150100
2021-03-16,46.6,45.8,46.6,46.1,33.89,17717302
2021-03-17,46.45,46.05,46.15,46.3,34.04,13091800
2021-03-18,46.75,46.35,46.7,46.6,34.26,13501500
2021-03-19,47.45,46.6,46.6,47.15,34.66,19901100
2021-03-22,47.45,46.7,47.3,46.75,34.37,11175100
2021-03-23,47.1,46.4,46.65,46.6,34.26,12527200
2021-03-24,46.35,45.1,46.05,45.45,33.41,23966900
2021-03-25,45.75,44.8,45.7,45.0,33.08,20379000
2021-03-26,46.2,45.05,45.5,46.2,33.97,29242230
2021-03-29,46.6,46.15,46.5,46.3,34.04,13756110
2021-03-30,46.75,46.1,46.5,46.45,34.15,13833800
2021-03-31,47.35,46.35,46.45,46.8,34.41,16878700
2021-04-01,48.5,46.95,47.0,48.5,35.66,28221900
2021-04-02,49.3,48.6,48.8,49.05,36.06,16828500
2021-04-05,49.6,48.95,49.5,49.3,36.25,15817800
2021-04-06,49.55,49.1,49.3,49.4,36.32,14533300
2021-04-07,49.6,48.9,49.4,49.45,36.36,14514400
2021-04-08,49.6,49.0,49.5,49.35,36.28,12142500
2021-04-09,49.9,49.05,49.3,49.55,36.43,20538200
2021-04-12,51.5,49.75,49.9,51.2,37.64,27110400
2021-04-13,51.5,50.1,51.5,50.1,36.83,26956900
2021-04-14,53.3,49.9,50.1,53.0,38.97,28953300
2021-04-15,54.7,52.5,53.5,54.5,40.07,32078100
2021-04-16,55.7,53.5,54.1,54.6,40.14,28632700
2021-04-19,57.8,54.7,55.2,57.8,42.49,34828100
2021-04-20,58.6,56.0,58.0,57.2,42.05,38339300
2021-04-22,57.9,55.0,56.5,55.0,40.44,33089800
2021-04-23,56.4,54.8,55.5,56.4,41.47,28911500
2021-04-26,56.6,55.0,56.5,55.1,40.51,25926400
2021-04-27,56.4,54.4,55.1,56.3,41.39,23519700
2021-04-28,56.5,55.5,56.3,56.0,41.17,16457100
2021-04-29,58.7,56.4,56.5,58.1,42.72,27877700
2021-05-04,60.4,57.0,57.3,59.8,43.97,32996000
2021-05-05,60.3,59.3,60.0,59.3,43.6,25719500
2021-05-06,60.3,58.8,59.3,59.4,43.67,22509700
2021-05-07,61.5,59.1,59.2,60.8,44.7,29657700
2021-05-10,63.3,60.8,60.8,63.0,46.32,28552100
2021-05-11,63.3,62.0,63.3,62.0,45.58,29660200
2021-05-12,62.7,61.3,61.6,62.7,46.1,31510300
2021-05-13,63.0,61.5,62.4,61.5,45.21,27774400
2021-05-14,62.5,61.0,62.0,61.4,45.14,32951400
2021-05-17,62.4,60.6,61.4,61.9,45.51,37144200
2021-05-18,63.7,62.5,62.5,63.4,46.61,39146300
2021-05-19,66.7,63.5,64.0,66.1,48.6,30407500
2021-05-20,66.7,65.5,66.2,66.6,48.96,26157100
2021-05-21,66.4,65.4,66.1,65.6,48.23,27251900
2021-05-24,66.1,65.0,65.6,65.4,48.08,26221200
2021-05-25,67.8,65.2,65.3,67.4,49.55,26852700
2021-05-26,67.8,67.2,67.4,67.8,49.85,17724000
2021-05-27,67.8,66.2,67.7,66.8,49.11,21556200
2021-05-28,67.3,66.2,67.1,67.1,49.33,30769400
2021-05-31,52.7,51.8,52.7,52.7,52.7,61128600
2021-06-01,56.3,54.0,54.6,55.5,55.5,33513400
2021-06-02,55.5,53.0,55.0,54.0,54.0,40052100
2021-06-03,54.6,53.0,54.0,54.3,54.3,37829300
2021-06-04,55.3,54.3,54.5,54.5,54.5,32089200
2021-06-07,55.0,52.0,54.6,52.7,52.7,35006300
2021-06-08,52.9,50.0,52.3,50.0,50.0,40374602
2021-06-09,51.4,49.0,49.9,50.3,50.3,41341800
2021-06-10,52.6,50.0,50.2,51.6,51.6,29312900
2021-06-11,53.2,51.6,52.1,53.1,53.1,29154100
2021-06-14,54.3,52.8,53.5,53.6,53.6,29137500
2021-06-15,53.6,52.7,53.0,53.2,53.2,21828700
2021-06-16,53.0,51.5,52.8,51.8,51.8,29764200
2021-06-17,51.9,50.9,50.9,51.4,51.4,20442600
2021-06-18,53.3,51.4,51.9,52.1,52.1,29982700
2021-06-21,52.5,51.2,52.0,51.2,51.2,22690800
2021-06-22,52.4,51.2,51.5,51.7,51.7,19376100
2021-06-23,51.9,51.1,51.6,51.4,51.4,18659200
2021-06-24,51.7,50.5,51.4,50.6,50.6,20374200
2021-06-25,51.2,49.8,50.7,50.7,50.7,26965200
2021-06-28,52.5,50.8,51.3,52.4,52.4,41900700
2021-06-29,52.6,51.7,52.5,51.8,51.8,19889315
2021-06-30,52.2,51.4,51.9,51.5,51.5,20825765
2021-07-01,52.9,51.6,51.7,52.8,52.8,40857600
2021-07-02,53.4,52.2,53.0,52.3,52.3,30798700
2021-07-05,52.3,50.8,52.3,51.2,51.2,41144000
2021-07-06,52.2,48.0,51.1,48.0,48.0,48416300
2021-07-07,49.9,47.85,49.0,49.9,49.9,42616300
2021-07-08,50.1,48.6,49.9,49.0,49.0,31196500
2021-07-09,49.1,46.0,48.5,47.3,47.3,47352600
2021-07-12,46.9,44.0,46.7,44.95,44.95,76226700
2021-07-13,46.0,44.55,45.5,45.5,45.5,27351600
2021-07-14,46.0,44.35,45.9,45.0,45.0,28740700
2021-07-15,46.85,44.6,44.6,46.5,46.5,29417550
2021-07-16,47.45,46.5,46.7,46.75,46.75,22411860
2021-07-19,45.9,44.0,45.65,44.3,44.3,39741100
2021-07-20,47.3,44.45,45.0,47.3,47.3,41540600
2021-07-21,47.8,46.6,47.5,46.75,46.75,21335700
2021-07-22,47.7,46.3,46.7,47.2,47.2,21494600
2021-07-23,47.0,45.8,46.8,45.8,45.8,30605400
2021-07-26,46.1,44.65,45.5,45.6,45.6,24369795
2021-07-27,46.8,45.7,46.0,46.2,46.2,18206300
2021-07-28,47.1,46.2,46.3,46.7,46.7,21215200
2021-07-29,47.7,46.8,46.95,47.1,47.1,32868300
2021-07-30,47.6,47.1,47.1,47.3,47.3,23592200
2021-08-02,47.9,46.9,47.1,47.25,47.25,24807000
2021-08-03,47.65,46.75,47.3,47.25,47.25,28897300
2021-08-04,48.0,47.25,47.55,47.5,47.5,24431656
2021-08-05,49.0,47.35,47.45,48.8,48.8,30432100
2021-08-06,49.1,48.3,48.6,48.4,48.4,20202170
2021-08-09,49.7,47.95,48.1,49.7,49.7,30639600
2021-08-10,50.5,49.1,50.1,49.4,49.4,26162100
2021-08-11,49.8,48.95,49.8,48.95,48.95,21980955
2021-08-12,49.0,48.4,48.9,48.4,48.4,23567600
2021-08-13,48.7,47.7,48.4,48.65,48.65,26244500
2021-08-16,49.5,48.95,49.0,49.45,49.45,23822700
2021-08-17,50.9,49.6,49.65,50.4,50.4,46646400
2021-08-18,50.9,49.9,50.5,50.4,50.4,25313600
2021-08-19,51.3,50.4,50.6,50.9,50.9,28518100
2021-08-20,51.0,48.2,50.8,49.0,49.0,53703768
2021-08-23,49.0,47.5,49.0,47.5,47.5,34461400
2021-08-24,48.25,47.5,47.6,47.75,47.75,22095400
2021-08-25,48.5,47.4,47.95,48.4,48.4,16402800
2021-08-26,48.6,47.55,48.6,47.7,47.7,18251216
2021-08-27,47.85,46.75,47.5,47.6,47.6,26398000
2021-08-30,48.75,47.65,48.0,48.7,48.7,18151178
2021-08-31,49.7,48.8,49.0,49.3,49.3,25922600
2021-09-01,49.55,48.9,49.0,49.2,49.2,15066500
2021-09-06,51.4,49.4,49.5,51.2,51.2,48933900
2021-09-07,52.0,50.6,51.6,50.7,50.7,32476800
2021-09-08,51.9,50.4,50.7,51.3,51.3,33240000
2021-09-09,52.4,51.5,51.6,51.9,51.9,37783355
2021-09-10,52.2,51.4,52.0,51.5,51.5,18639900
2021-09-13,51.5,50.7,51.5,50.8,50.8,28239200
2021-09-14,51.0,50.2,50.8,50.3,50.3,23211100
2021-09-15,52.0,49.9,50.1,51.6,51.6,29045780
2021-09-16,52.3,51.3,52.0,51.3,51.3,18782000
2021-09-17,52.0,51.3,51.4,51.8,51.8,27077850
2021-09-20,52.4,50.9,52.4,51.3,51.3,32328300
2021-09-21,51.2,50.2,50.6,50.8,50.8,29747000
2021-09-22,51.1,50.6,50.8,50.9,50.9,14803800
2021-09-23,51.9,50.9,51.3,51.0,51.0,17856610
2021-09-24,51.7,50.7,51.0,50.8,50.8,16604400
2021-09-27,52.0,50.8,51.4,50.8,50.8,29089400
2021-09-28,52.7,50.6,50.6,52.6,52.6,36221100
2021-09-29,53.6,52.6,52.7,53.3,53.3,35258800
2021-09-30,53.7,52.8,53.7,52.9,52.9,24564400
2021-10-01,53.7,52.7,52.9,53.4,53.4,39394655
2021-10-04,55.9,53.9,53.9,55.5,55.5,45462500
2021-10-05,55.9,55.1,55.5,55.3,55.3,27529200
2021-10-06,56.3,55.4,55.8,56.1,56.1,28730100
2021-10-07,56.7,55.5,56.4,55.6,55.6,27676700
2021-10-08,56.2,55.2,55.8,55.7,55.7,23093600
2021-10-11,57.3,55.7,56.1,57.2,57.2,26816150
2021-10-12,57.6,56.8,57.3,57.0,57.0,19229600
2021-10-13,57.4,56.5,57.0,56.8,56.8,16587650
2021-10-14,57.4,56.7,56.8,56.8,56.8,20559700
2021-10-15,57.7,57.0,57.3,57.3,57.3,19335000
2021-10-18,58.4,57.5,57.6,57.9,57.9,21470900
2021-10-19,58.0,57.1,57.6,57.2,57.2,25800100
2021-10-20,57.5,55.8,57.4,56.9,56.9,34660900
2021-10-21,58.2,56.6,57.2,57.2,57.2,39982300
2021-10-22,57.8,56.7,57.4,56.7,56.7,20015900
2021-10-25,56.7,55.1,56.5,55.1,55.1,41605900
2021-10-26,56.3,54.2,54.8,56.3,56.3,28438800
2021-10-27,57.9,56.3,56.3,57.9,57.9,29775100
2021-10-28,58.2,57.3,57.9,58.0,58.0,21962800
2021-10-29,58.1,57.1,58.0,57.1,57.1,24382800
2021-11-01,57.1,55.7,57.1,55.7,55.7,45918500
2021-11-02,56.4,55.2,55.5,55.5,55.5,25669500
2021-11-03,56.3,55.3,56.2,55.6,55.6,30277100
2021-11-04,56.9,55.6,55.6,56.3,56.3,15764100
2021-11-05,57.0,55.7,56.3,56.6,56.6,19413400
2021-11-08,57.0,56.2,56.9,56.8,56.8,21540400
2021-11-09,57.6,56.4,56.8,56.5,56.5,24717300
2021-11-10,56.6,55.2,56.5,55.3,55.3,43516600
2021-11-11,55.3,53.6,55.0,54.0,54.0,54612800
2021-11-12,54.8,53.8,53.9,54.6,54.6,23579900
2021-11-15,54.6,53.3,54.5,53.6,53.6,33644000
2021-11-16,53.6,52.0,53.3,52.0,52.0,40977000
2021-11-17,52.6,51.4,52.0,51.4,51.4,31900008
2021-11-18,51.4,49.6,51.4,49.95,49.95,60992800
2021-11-19,49.7,47.9,49.6,48.0,48.0,48807200
2021-11-22,49.2,48.0,48.2,48.65,48.65,23564700
2021-11-23,49.8,48.6,48.9,49.55,49.55,17302000
2021-11-24,49.7,48.5,49.5,48.65,48.65,27186800
2021-11-25,49.35,48.7,48.7,49.25,49.25,26458600
2021-11-26,49.95,49.0,49.3,49.05,49.05,26729700
2021-11-29,48.9,48.2,48.2,48.4,48.4,22004500
2021-11-30,49.95,48.5,48.95,48.95,48.95,22925500
2021-12-01,49.5,48.9,49.5,49.0,49.0,14195900
2021-12-02,49.25,48.6,49.2,48.6,48.6,16337600
2021-12-03,49.15,47.7,48.8,47.7,47.7,21922500
2021-12-06,47.95,45.5,47.5,45.75,45.75,34693900
2021-12-07,47.6,46.0,46.45,47.6,47.6,22527400
2021-12-08,47.9,47.05,47.9,47.2,47.2,12338800
